RPM,Flowrate_GPM,Head_ft,Power_HP,Flowrate_norm_global,Head_norm_global,Power_norm_global,Flowrate_norm_per_rpm,Head_norm_per_rpm,Power_norm_per_rpm,RPM_norm
1725,1.153790090296534,193.53429047747244,0.3030612460494484,0.0769192315628077,0.1641069432600214,0.0096134722746101,0.1538384631256154,0.9372969251496052,0.2265908306699861,0.5
1725,1.164628627433877,193.45894363280243,0.3033028771741065,0.0776417983424892,0.1640041652452885,0.0096963793632101,0.1552835966849784,0.9367099084441054,0.2285449618660495,0.5
1725,1.3460935666581777,192.16976968944144,0.307348402579903,0.089739421397969,0.1622456478299365,0.0110844568872728,0.179478842795938,0.9266661349541574,0.2612621352480741,0.5
1725,1.3587235849413808,192.08004276729065,0.3076194238783021,0.0905814198634971,0.1621232544507959,0.0111774481640823,0.1811628397269942,0.9259670850806522,0.2634539521125142,0.5
1725,1.538399053879117,190.7560672548265,0.3114749906550138,0.1025597452899783,0.1603172654233587,0.0125003481704964,0.2051194905799566,0.9156521774439372,0.2946348826633175,0.5
1725,1.5527971302921473,190.6499720782832,0.3117693159260335,0.103519613912057,0.1601725446767155,0.0126013353730191,0.2070392278241141,0.9148256047947892,0.2970151645690664,0.5
1725,1.7307068839743291,189.2788285505464,0.31540614455282,0.115380225373095,0.1583022153973429,0.0138491831973035,0.2307604507461901,0.9041432177625988,0.3264271051226467,0.5
1725,1.7468421566444725,189.154474633844,0.3157204682291758,0.1164559067002714,0.1581325885372016,0.0139570321382112,0.2329118134005428,0.9031743938281884,0.3289691191222804,0.5
1725,1.9230168234024327,187.72956310728844,0.3191524442526484,0.1282008460779446,0.1561889161974931,0.0151345921096499,0.2564016921558893,0.8920731078538313,0.356724365558756,0.5
1725,1.940853535355041,187.58529868536647,0.3194818352663399,0.1293899563197038,0.1559921301084848,0.0152476108691115,0.2587799126394077,0.8909491639640995,0.3593882328749728,0.5
1725,2.1153288797348115,186.09745359574373,0.3227038758925564,0.1410216079092845,0.1539626122804822,0.0163531390085368,0.2820432158185691,0.8793575714212473,0.3854456793714926,0.5
1725,2.134824190987465,185.931206592644,0.3230420975632312,0.1423212910761377,0.1537358405157359,0.0164691876924833,0.2846425821522754,0.878062364322845,0.3881809624141286,0.5
1725,2.3076431405237847,184.35860235549683,0.3260403114967736,0.1538425167039167,0.1515907056774768,0.0174979176981134,0.3076850334078335,0.8658104251422717,0.4124282665985388,0.5
1725,2.328738563872182,184.1666398870805,0.3263803212705247,0.1552488736616607,0.1513288563393464,0.0176145799057538,0.3104977473233214,0.8643148724581101,0.4151780104769134,0.5
1725,2.499959668633344,182.50895941299063,0.329140012229544,0.1666635766527604,0.1490676719601647,0.0185614692734699,0.3333271533055209,0.8514001162406041,0.4374963198509375,0.5
1725,2.5225919875054443,182.2898441752401,0.3294794241565282,0.1681723929770404,0.1487687844721437,0.0186779263513492,0.3363447859540808,0.8496930201365475,0.4402412287933362,0.5
1725,2.692278113858261,180.5428902600872,0.3320241698122155,0.1794847644088767,0.146385825291628,0.0195510649167515,0.3589695288177535,0.8360827470531265,0.4608212218669139,0.5
1725,2.7163771555711227,180.2947856202053,0.3323582633056615,0.1810913619361276,0.1460473943666867,0.0196656971641534,0.3621827238722552,0.8341497985804928,0.463523119310252,0.5
1725,2.884598360559964,178.4507432399423,0.3346903730516035,0.1923060722630527,0.1435320001818762,0.0204658773131525,0.3846121445261055,0.8197831228742342,0.482383472725551,0.5
1725,2.910083625120323,178.17137353786086,0.3350130297872113,0.1940050843446059,0.1431509216711275,0.0205765854456593,0.3880101686892118,0.8176065926844096,0.4849928782545916,0.5
1725,3.076920364665675,176.2042076571012,0.3371252698871195,0.2051274972771127,0.1404675789942012,0.0213013251800596,0.4102549945542255,0.8022806790439323,0.5020750909813105,0.5
1725,3.1036853746937174,175.88862240490295,0.3374313579629763,0.2069118254441928,0.1400371001089609,0.0214063483688577,0.4138236508883857,0.7998219985794608,0.504550501624791,0.5
1725,3.269243993538517,173.81098544469913,0.3393247074902372,0.2179490306086273,0.1372030676681778,0.0220559836227162,0.4358980612172547,0.7836354202437024,0.5198624916737008,0.5
1725,3.297184670861584,173.46035082172034,0.3396141760498107,0.2198117363390795,0.1367247791531881,0.0221553044182033,0.439623472678159,0.7809036750443301,0.5222034961421548,0.5
1725,3.461568911430557,171.26656041832103,0.3413172152705105,0.2307706498744741,0.1337323058334498,0.0227396414888501,0.4615412997489482,0.7638121615137976,0.5359763992563431,0.5
1725,3.490569916417379,170.87952741437363,0.3415875871226347,0.2327040438846911,0.1332043675507514,0.0228324099313706,0.4654080877693823,0.7607968416302391,0.5381629638867107,0.5
1725,3.653894956013273,168.5578115760608,0.3431102410263142,0.243592344252787,0.1300373955868848,0.0233548542244149,0.487184688505574,0.7427086789675307,0.5504770459330425,0.5
1725,3.683822864901437,168.13237711576522,0.3433576684305984,0.2455875316543611,0.1294570752109004,0.0234397500993072,0.4911750633087223,0.7393941787202739,0.5524780530887091,0.5
1725,3.846222023743173,165.66471089815732,0.3447002948894098,0.2564141068406891,0.1260910174021102,0.0239004244057935,0.5128282136813782,0.7201689371102591,0.5633362082685747,0.5
1725,3.8769170642805992,165.19829767827034,0.3449235353471222,0.2584604361849789,0.1254547993229708,0.0239770213940037,0.5169208723699579,0.716535177090995,0.5651416095522732,0.5
1725,4.038549943836214,162.59656694665117,0.346099067204439,0.2692359262526148,0.1219058687654071,0.0243803631571337,0.5384718525052296,0.696265457644065,0.5746484289969913,0.5
1725,4.069856068593531,162.09264653706032,0.3463013815559531,0.2713229944116805,0.1212184884310618,0.0244497800995486,0.5426459888233611,0.6923394843671796,0.5762845956384555,0.5
1725,4.230878476420524,159.3514490854212,0.3473419812555743,0.2820577864971582,0.1174793161630756,0.0248068247129679,0.5641155729943164,0.6709831992535449,0.584700185056089,0.5
1725,4.262626839359768,158.81097442256385,0.3475239341016461,0.2841743371052776,0.1167420734410321,0.0248692553321675,0.5683486742105552,0.666772436913249,0.5861716831225094,0.5
1725,4.423207502048779,155.9134845603314,0.3484442369423398,0.2948796796111905,0.112789708122309,0.0251850243758293,0.589759359222381,0.6441984995360999,0.5936144018259449,0.5
1725,4.455202117572646,155.3361792199869,0.3486065598385915,0.2970126470046015,0.1120022259518853,0.0252407196789919,0.594025294009203,0.6397007945500366,0.5949271475901744,0.5
1725,4.615536920515438,152.2714639917641,0.3494200095130912,0.307701598914364,0.1078217543175661,0.0255198258758066,0.6154031978287281,0.615824027786341,0.6015057180769705,0.5
1725,4.64756063045534,151.65934765946648,0.3495671260831303,0.3098365059291681,0.1069867876816749,0.0255703036713473,0.6196730118583362,0.611055115241408,0.602695486486889,0.5
1725,4.807866595155225,148.43595445962677,0.3503035699157695,0.3205235352956903,0.1025898689356544,0.0258229880644193,0.6410470705913807,0.5859421106426459,0.6086512915163309,0.5
1725,4.839707442425089,147.79570647659656,0.3504409449285918,0.3226462515056894,0.1017165288917443,0.0258701233926002,0.6452925030113787,0.5809540283500527,0.609762277522358,0.5
1725,5.000196407672576,144.40698944815378,0.3511333628618163,0.3333454808688241,0.0970940976512553,0.0261077018710322,0.6666909617376482,0.554553008975991,0.6153620341180448,0.5
1725,5.031629717593732,143.7432765727802,0.3512654963211038,0.335441028011086,0.0961887499624128,0.0261530387473625,0.6708820560221721,0.5493821149962111,0.6164306303727817,0.5
1725,5.192526272425922,140.1681475453128,0.3519418431147043,0.3461674299243462,0.0913120405863754,0.0263851029883442,0.6923348598486924,0.5215287858670125,0.6219004156523147,0.5
1725,5.2232938626152565,139.4844902419862,0.352075273814141,0.3482185958962807,0.0903794873958432,0.0264308849662902,0.6964371917925614,0.5162025076446499,0.6229795030118209,0.5
1725,5.384856073952575,135.7144450620654,0.3527759253350637,0.3589893747647691,0.0852368996638338,0.0266712885062111,0.7179787495295383,0.4868306140929728,0.6286458466856395,0.5
1725,5.414685316349097,135.01838135640776,0.3529183153118988,0.3609779844217433,0.0842874233306384,0.0267201445401426,0.7219559688434866,0.4814076793290472,0.6297973899569541,0.5
1725,5.5771856539355,131.05840767581458,0.3536940111541549,0.3718113048356586,0.0788857607252778,0.026986296858109,0.7436226096713172,0.4505560794508014,0.6360706357821923,0.5
1725,5.60581291048545,130.3607895405592,0.3538521120588054,0.3737197823648949,0.0779341640486388,0.0270405435356765,0.7474395647297899,0.4451210343437635,0.6373492372468856,0.5
1725,5.769514804456721,126.20176093736892,0.3547561951128243,0.3846332062758614,0.0722609775346534,0.0273507473389629,0.7692664125517228,0.4127186254649788,0.6446607824883779,0.5
1725,5.796665868635271,125.51195796816526,0.3549364540098056,0.3864432713021486,0.0713200412546789,0.0274125967400452,0.7728865426042972,0.4073444672212024,0.6461185811658352,0.5
1725,5.961843204833605,121.13085029577564,0.3560330844856361,0.3974550577066053,0.0653439243930989,0.0277888663127246,0.7949101154132105,0.3732118714429822,0.6549873054512767,0.5
1725,5.987211370236561,120.4579936761006,0.3562489605899589,0.3991462632031926,0.0644261040401304,0.0278629364861472,0.7982925264063853,0.3679697398330233,0.6567331493715859,0.5
1725,6.154170025400538,115.84239594902418,0.3576697327856331,0.4102768038170301,0.0581301274365682,0.0283504237106255,0.8205536076340603,0.3320102649070757,0.6682232886241115,0.5
1725,6.177436532369218,115.19918978174776,0.3579243727768358,0.4118278992094953,0.0572527522362376,0.0284377943270626,0.8236557984189906,0.3269991358156673,0.6702826257698479,0.5
1725,6.346494197297071,110.35215333267736,0.3597746222520977,0.4230983733500057,0.0506410781076758,0.0290726413377475,0.8461967467000114,0.2892365542472984,0.6852460549440682,0.5
1725,6.367358449613742,109.75395631212425,0.3600699421535241,0.42448931895603,0.0498250983216495,0.029173969812163,0.8489786379120601,0.2845760851091049,0.6876343806740928,0.5
1725,6.538813885157629,104.66387124252994,0.3624967821646275,0.4359196439482272,0.042881890008605,0.0300066532675881,0.8718392878964544,0.2449199458062211,0.7072608413805163,0.5
1725,6.55697071838154,104.12484006273112,0.3628315282957511,0.4371300955382866,0.042146616291683,0.0301215094442948,0.8742601910765732,0.240720429440102,0.7099680168675967,0.5
1725,6.73112587073818,98.77059070040262,0.3660423174651894,0.4487404010627939,0.0348430706388408,0.0312231770482643,0.8974808021255878,0.1990062231602845,0.7359344700257269,0.5
1725,6.746251394752272,98.30556956142712,0.3664267718208243,0.4497487660330261,0.034208751448939,0.0313550888264774,0.8994975320660522,0.1953833086482746,0.7390436483274527,0.5
1725,6.923420759958575,92.66452367041389,0.3709299899622375,0.461560018423744,0.0265139966090418,0.0329002072625378,0.923120036847488,0.1514347108135805,0.7754622970643005,0.5
1725,6.935177780019427,92.2901819233088,0.3713318829497162,0.4623438171980962,0.0260033700291551,0.0330381024843051,0.9246876343961924,0.1485182667331543,0.7787125059329734,0.5
1725,7.115686326770867,86.36795656799639,0.377502249143182,0.4743776809638795,0.017925068044704,0.035155243218637,0.948755361927759,0.1023790391048707,0.8286137969477205,0.5
1725,7.1237821497858365,86.10234427874899,0.3778775700555174,0.4749174007333161,0.0175627555431378,0.0352840211820573,0.9498348014666322,0.1003096909900675,0.8316491108145384,0.5
1725,7.307897155604713,79.8869442203494,0.3864131089168311,0.4871916943173847,0.009084544125383,0.0382126864259284,0.9743833886347696,0.0518863803441629,0.9006781433437832,0.5
1725,7.312063359555558,79.74630047344665,0.3866794562058205,0.487469440339206,0.0088926968734567,0.0383040739833792,0.974938880678412,0.0507906446259975,0.9028321603278844,0.5
1725,7.5000010780253135,73.22777845962312,0.3986943989219866,0.4999985805999793,1.0073208593381663e-06,0.0424265723647552,0.9999971611999589,5.753313816836722e-06,1.0,0.5
1725,7.500022369095245,73.2270399899366,0.3986943989219866,0.5,0.0,0.0424265723647552,1.0,0.0,1.0,0.5
2070,1.384475762960599,278.6896750270908,0.5236866701981676,0.0922982261174536,0.2802644466851149,0.0853132051347351,0.153830362121714,0.9372989623268642,0.2265856768654301,0.6
2070,1.4031438599946493,278.5339336626258,0.5242859935290308,0.0935427618500664,0.280052005297269,0.0855188415259998,0.1559045881439739,0.9364563516316232,0.2293906770789827,0.6
2070,1.6152344727731232,276.7247392074996,0.5310949817329906,0.1076820897994079,0.2775841459571995,0.0878551025896388,0.1794701324680545,0.9266680298014076,0.2612586394669575,0.6
2070,1.636983317630232,276.539215251463,0.5317670164827624,0.1091320080486196,0.2773310791702579,0.0880856873068206,0.1818866626518448,0.925664285740754,0.2644039493849101,0.6
2070,1.845998191825461,274.6876601227493,0.5382255323074518,0.1230662874295911,0.2748054371061322,0.0903016962934926,0.2051104593947232,0.9156467790902754,0.2946316033649314,0.6
2070,1.8707843581316983,274.4680922402139,0.5389552482083843,0.1247186931132734,0.2745059321810762,0.0905520722371424,0.2078644686036256,0.9144588464765387,0.2980468771454466,0.6
2070,2.0767677214627573,272.56048695878883,0.5450194912096255,0.1384508724308382,0.2719038340497273,0.0926328005891178,0.2307514319397698,0.9041380905364016,0.3264292244320383,0.6
2070,2.104536331860297,272.303322753896,0.5457984356257137,0.1403021070704326,0.2715530452867074,0.0929000675391454,0.2338368227101045,0.9027467497694818,0.3300749013829526,0.6
2070,2.3075425170547925,270.3299629501344,0.551493014220927,0.1538358084945866,0.2688612536944702,0.0948539587557716,0.2563929895889291,0.8920702407898641,0.3567271162277493,0.6
2070,2.3382296570144607,270.0316628346438,0.5523088297019171,0.1558816111354149,0.268454352864064,0.0951338766945694,0.2598026603302464,0.8904563415629794,0.3605453600379823,0.6
2070,2.538322602454435,267.9802872234662,0.5576282867364072,0.1692210972110223,0.2656561426176799,0.0969590583481597,0.282035134992511,0.8793577420619875,0.3854419014361584,0.6
2070,2.5718518310882112,267.63654176192733,0.5584656795018887,0.1714563718105472,0.2651872513686152,0.0972463797613221,0.285760592301396,0.8774979689482215,0.3893611329511739,0.6
2070,2.769108170658424,265.4735068131667,0.563392158232004,0.1846067514465524,0.2622367304967041,0.0989367249481915,0.3076778895945252,0.8657952566452504,0.4124184263659527,0.6
2070,2.8053724858312044,265.07584668582933,0.5642336245261068,0.1870243645524271,0.2616942961239688,0.0992254440471809,0.3117072443848723,0.8636437879104255,0.4163567231301656,0.6
2070,2.9998993733388755,262.81032875552,0.568747368087913,0.1999927813126185,0.2586039817751893,0.1007741739052481,0.3333212702473727,0.8513866098325477,0.4374823009323052,0.6
2070,3.038789931548872,262.3573977593305,0.5695869027469225,0.2025854767151181,0.2579861543292859,0.1010622302326593,0.3376424288374662,0.848936107983495,0.4414115571059544,0.6
2070,3.230695351326346,259.98030184267697,0.573729585664586,0.2153791295314447,0.2547436403233797,0.1024836438861462,0.3589651814881029,0.836075257239912,0.4608004676828048,0.6
2070,3.27208843793968,259.46757355558464,0.5745558196840479,0.2181386596152808,0.2540442454691487,0.1027671365742376,0.3635643978537791,0.8333012328826659,0.4646674731566232,0.6
2070,3.461495795792204,256.96173605210566,0.5783365187185514,0.2307657755145231,0.2506261195346286,0.104064348389425,0.3846095890025393,0.8197438488940197,0.4823621982791815,0.6
2070,3.505242871880333,256.3829672800153,0.5791339485306977,0.233682237716841,0.2498366411477715,0.1043379579427531,0.3894703588739551,0.8166125243476464,0.4860943920353327,0.6
2070,3.6923006129030393,253.72807999778897,0.5825436717081675,0.2461527130063135,0.2462152015851476,0.1055078826450279,0.4102544823647822,0.802248733287075,0.5020528467599011,0.6
2070,3.738221443052285,253.07633135971625,0.5832998539626186,0.2492140916721593,0.2453261738970027,0.105767339572426,0.4153567796522671,0.7987225642764502,0.5055919904507787,0.6
2070,3.923109467329645,250.28340213738795,0.5863444209394066,0.2615399196516084,0.2415164361167734,0.1068119739689689,0.4358998243161564,0.7836119220789228,0.5198414123909614,0.6
2070,3.971022079032904,249.55963144500737,0.587059178810113,0.2647340833201788,0.2405291656449902,0.1070572175988946,0.4412234299203089,0.779696090672174,0.5231866784213731,0.6
2070,4.15392152996504,246.6213085849108,0.5897876633876449,0.2769273401767898,0.2365211014516234,0.1079933996115937,0.461545522733974,0.7637988222971734,0.5359567466441946,0.6
2070,4.203624731542697,245.82281491709867,0.5904547895179701,0.2802408761133036,0.2354319039634745,0.1082223001113638,0.4670680820989676,0.7594787156454046,0.5390790828551572,0.6
2070,4.384736398235776,242.71330379974123,0.5928857058678744,0.2923149477437157,0.2311903278121232,0.1090563822168287,0.4871915328880025,0.7426552639345692,0.5504564488435442,0.6
2070,4.435984962927195,241.8334158026492,0.5934949891867987,0.2957315075509235,0.2299901031454568,0.1092654360221944,0.4928857986876991,0.7378947878753609,0.5533080645769666,0.6
2070,4.61555383432203,238.54831181126195,0.5956298454232163,0.3077027264977829,0.2255090068513169,0.1099979356759181,0.5128378283539061,0.7201213224403366,0.5632997867253946,0.6
2070,4.66808226691052,237.5873358792011,0.5961799637516445,0.3112046105524502,0.2241981729479746,0.1101866891283552,0.5186743012190748,0.7149221346651083,0.5658744938146345,0.6
2070,4.846373365344049,234.1323174508017,0.5980471658783908,0.3230906449137778,0.2194853022698236,0.1108273528357948,0.5384843565896666,0.6962293776700406,0.5746135201374136,0.6
2070,4.899911364880838,233.0948300123124,0.5985453914478037,0.3266598332115787,0.2180701016770814,0.110998301141749,0.5444330031826424,0.6906162381238934,0.5769453546524954,0.6
2070,5.0771944214590565,229.46167111831213,0.6001951907039422,0.3384786650023062,0.2131142357749335,0.1115643708204562,0.5641310542796334,0.6709596841177607,0.5846668749529351,0.6
2070,5.1314500466003095,228.3497808404924,0.6006439002923513,0.3420956948506286,0.2115975448523657,0.111718329486396,0.5701594367825042,0.6649440013655008,0.5867669608773354,0.6
2070,5.308016685033518,224.5027923619911,0.6021041570574674,0.3538667655878683,0.2063500014382739,0.112219364430365,0.5897778861313102,0.6441305607770625,0.5936013694962907,0.6
2070,5.362632362980624,223.3128400263038,0.6025034333645497,0.3575077988780891,0.204726828772924,0.1123563618317304,0.5958462743668449,0.6376925372736624,0.5954700938875456,0.6
2070,5.538839940320822,219.25875419144592,0.6037916259386387,0.3692549322874037,0.1991967910455536,0.1127983590952243,0.615424828172932,0.6157586336147889,0.6014991941400121,0.6
2070,5.593460317409957,218.0020789655892,0.6041535777162943,0.3728962788527353,0.1974826040023769,0.1129225499176669,0.6214937385336013,0.6089596178915806,0.6031932293315964,0.6
2070,5.769663828126512,213.73792304437265,0.6053212220521972,0.3846431411546935,0.1916660169639468,0.1133231853595909,0.6410718404941377,0.5858891677402317,0.6086581302338251,0.6
2070,5.823924925430221,212.42479495504915,0.6056579049688342,0.3882605358126533,0.1898748245297877,0.1134387060750585,0.6471008310130127,0.5787847239331134,0.6102339001136764,0.6
2070,6.000488074948961,207.93845254711144,0.6067534559087251,0.4000313739563557,0.1837551606192511,0.1138146052435446,0.6667188927059602,0.5545121736801477,0.6153613838308972,0.6
2070,6.054004872085776,206.5786292930161,0.6070770861067928,0.4035991487654472,0.1819002729321071,0.1139256473849193,0.672665183484646,0.5471550940662997,0.6168760633501886,0.6
2070,6.231312450468965,201.82587026044203,0.6081493118336867,0.4154196153378269,0.1754171993540272,0.1142935433398158,0.692365959217463,0.5214411444902974,0.621894378570092,0.6
2070,6.283619476305387,200.4237717614491,0.6084765726379131,0.4189067389906231,0.1735046454731367,0.1144058311939972,0.6981778314152038,0.5138553422527777,0.6234260503380178,0.6
2070,6.462136654267668,195.41259370059325,0.6095934718363278,0.4308078452712487,0.1666690714710201,0.1147890552547686,0.7180130066488853,0.4867432629131636,0.6286534498546655,0.6
2070,6.512792860682594,193.99061698591373,0.6099419625667601,0.4341849146558249,0.1647294024062935,0.1149086273997276,0.723641455083836,0.4790499131580183,0.6302844835937923,0.6
2070,6.692960311012095,188.70986759200088,0.6111814293726864,0.4461960387345048,0.1575261155084101,0.1153339061565148,0.7436599932967041,0.4504793665117607,0.6360855336718978,0.6
2070,6.741517543646667,187.2866439390261,0.6115673019345306,0.4494331769913017,0.1555847455384493,0.1154663045415258,0.7490552232077038,0.4427792704208074,0.6378915247999557,0.6
2070,6.923782911613372,181.71800004518772,0.6130157206490419,0.4615841617884478,0.1479887517490636,0.1159632776813222,0.7693068625956786,0.4126511222627637,0.6446705280429399,0.6
2070,6.9697762848011084,180.31279224506576,0.6134551171664837,0.4646503766410453,0.1460719565784595,0.1161140408996519,0.7744172201936439,0.4050484977096371,0.6467270261997586,0.6
2070,7.154603646363043,174.4076385707384,0.6152208606501544,0.4769721604526905,0.1380169414813025,0.1167198926981431,0.794953524578506,0.3730997237912675,0.6549911977974863,0.6
2070,7.197490982173045,173.03740687722544,0.61574727333079,0.4798313068238904,0.1361478560033354,0.1169005124043808,0.7997187680738792,0.3656863311843736,0.6574549558485423,0.6
2070,7.385420408119214,166.79267773006424,0.6180539783525456,0.4923598942515659,0.127629637793922,0.1176919758298122,0.820599745119097,0.3319003451275702,0.668250978204802,0.6
2070,7.424689452360545,165.48780200918992,0.6186732363515297,0.4949778219736443,0.1258497021290379,0.1179044520903133,0.8249629575711254,0.3248405492785601,0.6711492782207429,0.6
2070,7.616230596126936,158.888152352173,0.6216937678593241,0.5077471898019779,0.1168473491751542,0.1189408395742938,0.846245235245652,0.2891343295151097,0.6852862074676027,0.6
2070,7.651377711702918,157.6771402182,0.6224100123113897,0.5100903231782827,0.11519544957017,0.1191865932715076,0.8501504571652779,0.2825823657535379,0.6886384311130702,0.6
2070,7.847029651053098,150.69812962700308,0.6263970995530865,0.5231337431493793,0.1056756235375794,0.1205546198271552,0.8718894883673084,0.2448236817549449,0.7072991105635171,0.6
2070,7.877546258583249,149.60958571648686,0.6272076160036432,0.5251681769987494,0.1041907785840523,0.1208327195929579,0.8752802111246776,0.2389343103320645,0.7110925534345376,0.6
2070,8.077809495473966,142.20644336778398,0.6325265770900379,0.538519015800616,0.0940924091471221,0.1226577310796761,0.8975316069955611,0.1988809375955527,0.7359867736574118,0.6
2070,8.103144294078339,141.26989044196546,0.6334546007226682,0.5402079968512384,0.0928148898186155,0.1229761492372799,0.9003465751435223,0.1938138861114147,0.7403301828885537,0.6
2070,8.308546713258147,133.4161451584416,0.6409785720861269,0.5539014466853661,0.0821018685634632,0.1255577312306458,0.92316898934679,0.1513226070839732,0.7755444657212741,0.6
2070,8.328168496279341,132.66588872780957,0.6419448740075576,0.5552095612758844,0.0810784698157297,0.1258892832156302,0.9253491801220716,0.1472634793448808,0.7800670280117588,0.6
2070,8.539211009822726,124.35253188641768,0.6523379553152194,0.5692790161713729,0.0697385083924408,0.1294552977926865,0.9487982693675564,0.1022855544886551,0.8287095449741343,0.6
2070,8.552656863955926,123.82287470232797,0.6532359140296202,0.5701754035157147,0.0690160214175957,0.1297634002476136,0.9502922481316332,0.099419939373118,0.8329122420091852,0.6
2070,8.769739231782035,115.02584099840244,0.6677333942195084,0.5846475140466927,0.0570162931796358,0.1347376926790231,0.9744124300386268,0.0518251676771877,0.900764489593207,0.6
2070,8.776609197986042,114.74744287308856,0.6683659895451227,0.5851055102959695,0.0566365399630222,0.134954745166706,0.9751757570476096,0.0503189445955397,0.90372521201475,0.6
2070,9.000002156050632,105.44797654704394,0.6889363004972174,0.5999983254671335,0.0439514608299504,0.1420127125334843,0.9999971132877236,5.851389521976657e-06,1.0,0.6
2070,9.000028136548567,105.44689502340162,0.6889363004972174,0.6000000574946653,0.0439499855611009,0.1420127125334843,1.0,0.0,1.0,0.6
2415,1.6150821934282669,379.3284600931362,0.8315888351282403,0.1076719378762811,0.4175423191629841,0.1909588337933302,0.1538170604258756,0.9373024114002234,0.2265651011409448,0.7
2415,1.6446164444210505,379.0409728439945,0.8328793907579723,0.109640881503981,0.417150167788136,0.1914016418549523,0.1566298371523895,0.936159670067208,0.2303687566807397,0.7
2415,1.884290105001981,376.654230068439,0.8433523901252756,0.1256190732936974,0.4138944948369457,0.1949950774592492,0.1794558263608223,0.9266725375803032,0.2612358352815923,0.7
2415,1.918689578903016,376.3116697069157,0.8447992100799632,0.127912364054659,0.4134272201416648,0.1954915020417249,0.1827319561538817,0.9253108845493112,0.2655000487792125,0.7
2415,2.153508826804751,373.8796212867061,0.8546755580318637,0.1435669293906941,0.4101097473336373,0.1988802180270981,0.2050956218380689,0.9156436653527537,0.294608616232433,0.7
2415,2.19269889330901,373.47372551716734,0.8562459726498105,0.1461795919475183,0.4095560790073207,0.1994190497030797,0.2088279970725262,0.914030258587296,0.2992371003703609,0.7
2415,2.422740110368227,370.9844709611899,0.8654641272033581,0.1615156229356661,0.4061605732957189,0.2025819301365538,0.2307366136696152,0.9041356490767708,0.3264057739451429,0.7
2415,2.46663087797633,370.5095330581893,0.8671399567680216,0.164441664541324,0.4055127269923256,0.2031569311857466,0.2349166732779345,0.9022478047497796,0.3313449476316797,0.7
2415,2.6919827654003896,367.9492821790403,0.8757443028749287,0.1794650745760715,0.4020203776613146,0.206109205177931,0.2563786884946822,0.892070989912853,0.3567045431282685,0.7
2415,2.7404686929888977,367.39842751279457,0.8774988242132696,0.1826974591786752,0.401268975937048,0.2067112064981427,0.2609963809737539,0.8898813818607298,0.3618756451362111,0.7
2415,2.9612368495534263,364.7459650036402,0.8854875842676503,0.1974152881553769,0.3976508439231822,0.2094522641270795,0.2820218518039368,0.8793380323642438,0.3854209234154949,0.7
2415,3.0141866423939945,364.1097892862602,0.8872876238752428,0.2009452628016592,0.3967830587154544,0.2100698834153287,0.287064672934294,0.8768092792126474,0.3907261814512848,0.7
2415,3.2305027795436176,361.3349842760913,0.8946413375300472,0.2153662914545769,0.3929980435437496,0.2125930475581126,0.3076661432845158,0.865779626991045,0.4123997870183455,0.7
2415,3.2877463415241297,360.60068990177206,0.8964493458609496,0.219182516440811,0.3919964180828216,0.2132134010290976,0.3131178934887407,0.8628608591686793,0.4177285312781031,0.7
2415,3.499780884770974,357.7114959211027,0.903146347364104,0.2333181064336005,0.3880553688881014,0.2155112378568736,0.3333115943077473,0.8513765189390967,0.4374666086462033,0.7
2415,3.5611406486193595,356.87540451047033,0.9049493037866002,0.2374087439803581,0.3869148856243845,0.2161298579459591,0.3391553624716766,0.8480531151500201,0.4427804634126656,0.7
2415,3.769069313688788,353.8615815283455,0.9110589479344212,0.2512706096564038,0.3828038343359623,0.2182261640795112,0.3589580285364191,0.8360733835189725,0.4607874220230899,0.7
2415,3.834344491150137,352.91545017156693,0.9128323463529576,0.2556222739237965,0.3815132494023512,0.2188346423954431,0.365174692030855,0.8323125787838733,0.4660141604631295,0.7
2415,4.038367402178114,349.74541398208214,0.9183752482926189,0.2692237568485356,0.3771891131015729,0.2207364911860855,0.384605382721312,0.8197119107831397,0.4823507593540347,0.7
2415,4.107304349462421,348.6742959562547,0.9200855138130772,0.2738195383058572,0.3757280381923141,0.2213233077033484,0.3911707850728255,0.8154542929433741,0.4873914261579624,0.7
2415,4.307674944185315,345.3447919599823,0.9250565334617286,0.2871775342731315,0.3711863773931014,0.2230289355152712,0.4102536372383336,0.8022197517721065,0.5020425159594516,0.7
2415,4.379994721833451,344.14307376863786,0.9266776409846694,0.2919988370172491,0.3695471553325663,0.223585160650691,0.4171412128699294,0.7974430075791532,0.5068204073328886,0.7
2415,4.576991198627988,340.6587342993179,0.9310934796516278,0.3051318925248595,0.3647942888405374,0.2251002979415629,0.4359027215084351,0.7835930064339331,0.5198352118259767,0.7
2415,4.652400724905037,339.32494197447403,0.9326245079718746,0.3101591778373376,0.362974909040178,0.2256256156164916,0.443084557964059,0.7782912769700762,0.524347612700241,0.7
2415,4.846314401871676,335.6772483608478,0.9365615083188648,0.3230867140284738,0.3579992168316412,0.2269764566434826,0.4615524675669725,0.7637919547395715,0.5359511366669785,0.7
2415,4.924490857882281,334.20667772453896,0.9379898093627776,0.3282984607199964,0.3559932624856263,0.2274665271232799,0.4689978202891964,0.757946541232552,0.5401607693654943,0.7
2415,5.115643660613436,330.3491098436065,0.9414822131070804,0.3410419392306393,0.3507312880760004,0.2286648207084526,0.48720279033775,0.742612983742212,0.5504539334439588,0.7
2415,5.196170664734534,328.7240309527563,0.9427855768523544,0.3464103886171071,0.3485145743845722,0.2291120234173766,0.4948720040619461,0.7361534109314889,0.5542953383519432,0.7
2415,5.384978464129184,324.6789884868069,0.9458415112341414,0.3589975340831953,0.3429968724027392,0.2301605581328653,0.5128536411805354,0.7200746553225247,0.5633020959629632,0.7
2415,5.467454288477695,322.91201586717176,0.947017920508203,0.3644959043933132,0.3405866064024992,0.2305642009502072,0.520708456231854,0.7130510650492453,0.5667693278662324,0.7
2415,5.654317784209851,318.671576823855,0.9496832827655596,0.3769534300390946,0.3348023707337498,0.2314787247936666,0.5385049221709718,0.6961956219664749,0.5746249519727729,0.7
2415,5.738311881058117,316.7655231760412,0.9507468384614362,0.3825530181848785,0.3322023891319366,0.2318436459371403,0.5465043341363228,0.6886191945151553,0.5777595704435329,0.7
2415,5.923660429149633,312.3111550913269,0.9530937712988864,0.3949095476515435,0.326126340285544,0.2326489121004628,0.5641565198136348,0.6709133987344231,0.584676687290753,0.7
2415,6.008695728398424,310.26755384951457,0.9540510152607858,0.4005785490637129,0.3233387347864809,0.2329773561702129,0.5722550935921804,0.6627902293966781,0.5874979731111636,0.7
2415,6.193005676800867,305.5553565850036,0.9561257958140952,0.4128658387775217,0.3169109901078903,0.2336892429993711,0.5898083653327786,0.6440595809955574,0.5936129753347348,0.7
2415,6.278506510766782,303.369382363754,0.9569768206652096,0.4185658757360125,0.3139291785708405,0.2339812417757372,0.5979512756078899,0.6353704892080578,0.596121201493197,0.7
2415,6.46235306370856,298.4172843794849,0.9588067207736408,0.4308222725201309,0.307174193649905,0.2346091066281378,0.6154604145899749,0.6156862525378706,0.6015144674046795,0.7
2415,6.54777862677924,296.1162580511788,0.9595767083177884,0.4365172914353484,0.3040354435282881,0.2348733003475267,0.6235961562315443,0.6065398368218263,0.6037838522497777,0.7
2415,6.731701830823655,290.9059710019334,0.9612345092277658,0.4487787982762659,0.2969282718682764,0.2354421155079044,0.6411125952950708,0.5858293170133018,0.6086698900693344,0.7
2415,6.816478502195627,288.504366510415,0.961951103398508,0.4544305578863618,0.2936523265663476,0.2356879891985891,0.6491865379267855,0.576283110264283,0.6107819085864243,0.7
2415,7.001051356580751,283.00441737426456,0.9635112475913524,0.466735374608369,0.2861500369108063,0.2362232969450888,0.6667648482515525,0.5544212042975825,0.6153801226930284,0.7
2415,7.0845476364803615,280.516373864099,0.9641991700647888,0.4723017750661002,0.2827561831447484,0.2364593329670865,0.6747168492320241,0.5445314086078773,0.6174076370959365,0.7
2415,7.270401159455606,274.67969256033496,0.9657304097245164,0.4846919694149289,0.2747945688308807,0.2369847231556083,0.6924171276001164,0.5213310162657402,0.6219206608512052,0.7
2415,7.351895910480653,272.120371208508,0.9664243952754564,0.4901249350506906,0.271303487435816,0.2372228395060591,0.7001785073985174,0.5111578962336936,0.6239660449668196,0.7
2415,7.53975060139239,265.9507674475346,0.9680241110795944,0.5026485401590295,0.262887745157309,0.2377717248373513,0.718069372573737,0.4866341608435499,0.6286808885119756,0.7
2415,7.618571638592683,263.362093376131,0.9687624322890912,0.5079032587893455,0.2593566247366114,0.2380250533852262,0.7255761137824726,0.4763443658424506,0.6308569431460818,0.7
2415,7.809098855645701,256.8296577757975,0.970547111739314,0.5206050317244907,0.2504459561437427,0.2386374023841872,0.7437215044350112,0.450378399741176,0.6361169301789599,0.7
2415,7.884547954651249,254.24280227042487,0.9713634558120328,0.5256349552102418,0.2469173163658264,0.2389175016903538,0.7509071097097514,0.4400958334104843,0.6385229416542035,0.7
2415,8.078444826535593,247.30831950537592,0.973461380958493,0.5385613710662219,0.2374582291948551,0.2396373297598537,0.7693734188338048,0.4125317584737268,0.6447061579538879,0.7
2415,8.14978368488831,244.7569731173833,0.9743895619370032,0.543317279404486,0.2339780261710619,0.2399558019050754,0.7761675738817735,0.4023903383547373,0.6474417864223608,0.7
2415,8.347786753996989,237.350397831904,0.9769657551461048,0.5565174408469348,0.2238749739842683,0.2408397305750259,0.7950249481454136,0.3729497292839834,0.6550346025285644,0.7
2415,8.41416661229571,234.8673685529029,0.9780755084148768,0.5609427502626644,0.220487959956845,0.2412205027653156,0.8013468189989373,0.3630798648059128,0.6583053791392915,0.7
2415,8.617120078788993,226.984503938852,0.9814685297111252,0.5744729371182302,0.209735218033959,0.2423846968136931,0.8206756581578211,0.3317460395878068,0.6683056332568122,0.7
2415,8.677779925422206,224.6284300723604,0.982771191983881,0.5785169136698921,0.2065213794767823,0.2428316588373813,0.8264527677545902,0.3223808138293934,0.6721449707143368,0.7
2415,8.886439186575354,216.22662637207597,0.9872521223266304,0.5924274855922487,0.1950607707641988,0.2443691300115208,0.8463250141740629,0.2889842427158546,0.6853516199505055,0.7
2415,8.940607718178764,214.0454944791068,0.9887555733460212,0.5960387092237014,0.1920855644790282,0.2448849855208091,0.8514839052880016,0.2803143988382732,0.6897827422260356,0.7
2415,9.155734195139582,205.0796520632742,0.994726422315173,0.6103804274567121,0.1798555701382817,0.2469336690470026,0.8719720750337032,0.2446758140159453,0.7073806297061038,0.7
2415,9.202637396743471,203.12486379025705,0.996423176582421,0.6135072973387099,0.1771891113263199,0.2475158496603909,0.8764390321914332,0.2369056699015906,0.7123814747836835,0.7
2415,9.424987634840026,193.5130548344728,1.004466843164078,0.6283305980726518,0.1640779764567181,0.250275746502728,0.8976151769667187,0.1986994141055012,0.7360885791104729,0.7
2415,9.463766407349263,191.836716836864,1.0064031064917844,0.6309158411194703,0.1617913419975032,0.2509401060941931,0.9013083814709876,0.1920360899974203,0.7417953294149612,0.7
2415,9.694148573190864,181.55111409339256,1.017906321013864,0.6462746019521165,0.1477611084165864,0.2548870232263144,0.9232494692758364,0.1511515519004015,0.7756987618857037,0.7
2415,9.724051635350254,180.21606709849505,1.01991217179995,0.6482681329105223,0.1459400171643696,0.2555752592682387,0.9260973707619444,0.1458448352124715,0.7816106073565436,0.7
2415,9.963152125871764,169.22091557521742,1.035950659908953,0.6642081134878955,0.1309419127288202,0.2610782935174258,0.9488687725219308,0.102139891268251,0.8288808549462664,0.7
2415,9.983522344502536,168.2841812342752,1.037803415960343,0.6655661236225596,0.1296641459382422,0.2617140005701664,0.950808787079694,0.0984164390016012,0.8343414841949433,0.7
2415,10.231862041597402,156.53846700425123,1.0603909436120054,0.6821220492906702,0.113642224974346,0.2694641037860538,0.974460110434013,0.0517280617726713,0.9009137207597118,0.7
2415,10.242180486974334,156.05043584325142,1.06168467255799,0.6828099433997046,0.1129765186123207,0.2699080006577871,0.9754428163444196,0.0497881726779759,0.9047267290167904,0.7
2415,10.50000107802522,143.52637472333132,1.0940102748487266,0.6999979265980422,0.0958928816805241,0.2809993763113105,0.9999970790647158,5.922015828570169e-06,1.0,0.7
2415,10.500031747944735,143.5248848813253,1.0940102748487266,0.6999999712526571,0.0958908494387718,0.2809993763113105,1.0,0.0,1.0,0.7
2760,1.8455639854132184,495.45144726691615,1.2413075149197372,0.1230373404300989,0.5759416541164998,0.33153916231935,0.1537966700110666,0.9373088410592898,0.2265380959263583,0.8
2760,1.8894690462114048,494.96297372493086,1.2438133586542115,0.1259643349119798,0.5752753443179319,0.3323989530801875,0.1574554129819438,0.9358222668094428,0.2314858178238545,0.8
2760,2.153211636016949,491.9590911198571,1.2588662410364084,0.1435471167362951,0.57117785235271,0.3375638119331684,0.1794338894725594,0.9266805341536336,0.2612073342768541,0.8
2760,2.2043343128838706,491.3768320320147,1.2616748675549967,0.1469552840493134,0.5703836129473213,0.3385274917900179,0.1836940984607452,0.9249085418299392,0.2667528927395497,0.8
2760,2.4608803114475384,488.33290860426223,1.2757692370004634,0.1640582946930318,0.5662315026861215,0.3433634711698673,0.2050728609971649,0.9156449527155492,0.2945818508574674,0.8
2760,2.519099698681325,487.6421344049276,1.278816452122009,0.1679395744834203,0.5652892415848471,0.3444090141826836,0.2099244605608123,0.9135427157489042,0.3005984961796922,0.8
2760,2.768573487603993,484.5516445412453,1.291873963342141,0.1845711060261516,0.5610736116652062,0.3488892327023579,0.230713874242176,0.9041374107407952,0.3263802052710608,0.8
2760,2.8337505706160995,483.7442285988205,1.2951244887610234,0.1889162306849793,0.559972243612044,0.3500045343808198,0.2361452798705375,0.901680197308014,0.3327982813753735,0.8
2760,3.076288817371304,480.5886521326698,1.307220408058033,0.2050853942618324,0.5556678313178166,0.3541548169831732,0.2563567336153218,0.8920768138802504,0.3566813527548073,0.8
2760,3.148259073505649,479.6522734395823,1.3106220882899624,0.2098833956478932,0.5543905496541289,0.3553219820360052,0.2623542351323826,0.8892271273903911,0.3633978800227484,0.8
2760,3.3840264242317493,476.3985576519876,1.3217656520255456,0.225601167632199,0.5499522689189679,0.3591454978486016,0.2820014494067583,0.8793250760192972,0.385400550641095,0.8
2760,3.462577108458176,475.3145161144008,1.3252538240552356,0.2308378627898611,0.5484735654960291,0.3603423394720751,0.2885473181186155,0.8760260063726765,0.3922878536664572,0.8
2760,3.691787092498192,471.944360707602,1.3354322695153589,0.2461184784246047,0.5438764535191555,0.3638347094255185,0.3076480869756746,0.8657695936601938,0.41238492388384,0.8
2760,3.7766641888118815,470.6963827617329,1.3389337875875635,0.2517769330089224,0.5421741301336358,0.3650361302667182,0.3147211549519069,0.8619716154295494,0.4192985783156711,0.8
2760,3.999571522098305,467.2139847154232,1.3481296023577194,0.2666373733007419,0.5374239118693279,0.3681913456015689,0.333296704649184,0.8513736140673446,0.4374554703347821,0.8
2760,4.090501598587697,465.7934180788354,1.3516194245552695,0.2726993585772195,0.5354861662431677,0.3693887534211946,0.3408741859724905,0.8470503957133674,0.4443460315727554,0.8
2760,4.307376073444408,462.1886337764533,1.3599428900757826,0.2871576096222251,0.5305690051362657,0.3722446532740989,0.3589469991293157,0.8360799355766856,0.4607804931683954,0.8
2760,4.40405188484808,460.5817344509414,1.363373502054214,0.2936026426404141,0.5283770895587114,0.3734217452222098,0.3670032901125558,0.8311896499131186,0.4675541454013656,0.8
2760,4.615199455434082,456.80448070543486,1.3708662282527495,0.3076791013158412,0.5232246688726716,0.3759926065534082,0.3845988628245573,0.8196943125599712,0.482348334270534,0.8
2760,4.7172128392872095,454.9795464417746,1.3741720815564766,0.314479971333733,0.5207353394062751,0.3771268920190679,0.3930999500414425,0.8141404799552519,0.4888756538139416,0.8
2760,4.923041259411937,451.05519966207805,1.3808421726461904,0.3282018211379868,0.5153822742194432,0.3794154954997967,0.4102522616804054,0.8021974935522296,0.5020455715102627,0.8
2760,5.029987750872545,449.01614636171774,1.3839731992114372,0.3353315639209567,0.512600872409408,0.3804897954155099,0.419164439838866,0.7959920312910367,0.50822770030201,0.8
2760,5.230900068986494,444.9384662003852,1.3898552229852774,0.3487256746628719,0.5070386504805007,0.3825080017490486,0.4359070776646271,0.7835824045540146,0.5198416000145256,0.8
2760,5.342335411174547,442.6767945996732,1.3928101417256469,0.3561546731824325,0.5039535827763784,0.3835218765557823,0.4451933254803841,0.7766994467799584,0.5256760085835471,0.8
2760,5.538772426489795,438.4214556501285,1.398019040504615,0.3692504313800533,0.498149022662876,0.3853091240934801,0.4615630226391785,0.7637491500636745,0.5359608408721604,0.8
2760,5.654179193868147,435.92144356494174,1.4007728929422798,0.3769441907131938,0.4947388429791867,0.3862540101811638,0.4711802214600181,0.7561408493662816,0.5413982493668945,0.8
2760,5.846656589788163,431.4599698680545,1.4053658155064477,0.3897759751476653,0.4886531016139395,0.3878299074853674,0.4872199514267329,0.7425632216257774,0.550466852979962,0.8
2760,5.965428441944246,428.70693233971457,1.4078762169925805,0.3976940727323973,0.4848977787084194,0.3886912620758692,0.4971175730519849,0.734184887188545,0.5554235740370519,0.8
2760,6.154551575227188,424.0566236806404,1.4118735866238268,0.410302240388962,0.4785544541277006,0.3900628166661713,0.5128777820563607,0.7200325769562993,0.5633162742021925,0.8
2760,6.276091864095307,421.068095265641,1.4141377685099037,0.4184048998176421,0.4744779062800539,0.3908396897966552,0.5230061059782578,0.7109375717926263,0.5677868411986638,0.8
2760,6.4624553569874985,416.2146079311716,1.4176095460477236,0.4308290920497601,0.4678574327226973,0.3920309062359066,0.5385363457103388,0.6961669267663754,0.5746417737352733,0.8
2760,6.586119508880122,412.994007235058,1.4196545162427625,0.439073341883737,0.4634643231340524,0.3927325647055443,0.548841657632497,0.6863656547375504,0.5786795130701416,0.8
2760,6.770365625276999,407.891399678832,1.42270129908821,0.4513563761444235,0.4565040333317808,0.3937779593982598,0.5641954499066292,0.670836860753478,0.5846953048746922,0.8
2760,6.895385506169517,404.4290342222571,1.424537869642647,0.4596910076161768,0.4517811408275882,0.3944081129759179,0.5746137388719482,0.6602998246831422,0.5883215646543709,0.8
2760,7.078280995719372,399.063266795307,1.4272246460837106,0.4718840003814993,0.4444618837827088,0.3953299843315342,0.58985497928092,0.6439701547993814,0.5936265333753815,0.8
2760,7.203852989003458,395.3792496937411,1.428856445943757,0.480255439225663,0.4394366439654439,0.3958898781604676,0.6003192774600987,0.6327585650438232,0.5968484788577784,0.8
2760,7.386200518330978,389.74375676684855,1.4312260401904875,0.4924119014289523,0.431749463731102,0.3967029197768476,0.6155148546681696,0.6156080380444202,0.6015271797605657,0.8
2760,7.511522107721932,385.87066381514126,1.432701069314852,0.5007666467348287,0.4264663121114707,0.3972090233281773,0.625958285925239,0.6038210327014677,0.6044395855892527,0.8
2760,7.694122725888652,379.93645628010455,1.434850269873445,0.5129399814722245,0.4183716656516851,0.3979464447236311,0.6411749538001853,0.5857614258720385,0.6086831250085585,0.8
2760,7.818345204916044,375.8994383419055,1.4362213854716066,0.5212214529934702,0.4128649096495408,0.3984168940605634,0.6515267928297576,0.5734755467050613,0.6113903563397431,0.8
2760,8.002046412065814,369.5983884845994,1.4382490023127472,0.5334681600898069,0.404269866314903,0.3991125983467276,0.6668351761500843,0.5542995265939151,0.6153938319382515,0.8
2760,8.124168101660922,365.4095490820914,1.4395624439640609,0.5416095794402072,0.3985560159246147,0.3995632589290944,0.6770119499723906,0.541551608319357,0.6179871875932285,0.8
2760,8.309970644734285,358.7182976065224,1.4415607851252557,0.553996375140024,0.3894287121105066,0.4002489183115048,0.692495444040775,0.5211880854509466,0.6219328591392576,0.8
2760,8.429000116934246,354.43172478399805,1.4428854034199603,0.5619316473381865,0.383581546955329,0.4007034137597863,0.7024145339320438,0.5081427345151325,0.6245482827797539,0.8
2760,8.617894150397154,347.31918211647485,1.4449875087881603,0.5745245417233594,0.3738795744537245,0.4014246761230456,0.7181556513478659,0.4864970938167551,0.6286988339964956,0.8
2760,8.732846911773054,342.990795427669,1.4463948514692122,0.5821880340886435,0.3679753724553513,0.401907555489326,0.7277350164602443,0.4733244905088925,0.6314775947406415,0.8
2760,8.925815334818841,335.4070508140838,1.4487573236238356,0.5950525535577889,0.3576306497394992,0.402718153414223,0.7438156652188311,0.4502448383046993,0.6361422332617288,0.8
2760,9.03567207949063,331.0896320233784,1.4503106476446697,0.602376312587067,0.3517414086701137,0.4032511210623354,0.7529703636764622,0.4371056136621883,0.639209230283951,0.8
2760,9.233732063052871,322.9508726024326,1.453111125038683,0.6155802683140126,0.3406396095259425,0.4042120048381995,0.7694753077420525,0.4123368818047704,0.6447386985166176,0.8
2760,9.337347742982038,318.69305597529853,1.4548732488772205,0.6224879577210054,0.3348316696984667,0.4048166146847683,0.778109919190516,0.3993790447584846,0.6482179652330875,0.8
2760,9.541640890668528,309.9388267531771,1.4583475283090042,0.6361074563640671,0.322890329567942,0.4060086895595578,0.7951342918825862,0.3727372502285881,0.6550778376928766,0.8
2760,9.637858357084152,305.8157821688979,1.4604519598806165,0.6425219331496391,0.3172662276047694,0.4067307500764185,0.8031523875764275,0.360189565690651,0.6592329819364706,0.8
2760,9.849532842010824,296.39965115703154,1.4650816231380148,0.6566335193329099,0.3044220102244265,0.4083192536370107,0.8207918696716557,0.3315334017589578,0.6683741290724744,0.8
2760,9.937256190744014,292.4973643757149,1.4675445902763895,0.6624817234580428,0.2990990363154499,0.4091643328255841,0.8281021245653838,0.3196575506718216,0.6732371922697917,0.8
2760,10.15739706793934,282.34775906912773,1.4737253819832157,0.6771577339468783,0.2852543121162856,0.4112850507023933,0.8464471370172152,0.2887692003354667,0.6854410013305905,0.8
2760,10.235521763861774,278.7458163567514,1.4765604240464385,0.6823660299771398,0.2803410271236489,0.4122577941097375,0.8529575068210974,0.2778073880254694,0.6910387165845594,0.8
2760,10.465214218736902,267.78521725907086,1.4848956599598355,0.6976788102290453,0.2653900544521784,0.4151177325524844,0.872098481448164,0.2444509357695606,0.7074964185083228,0.8
2760,10.532634080836154,264.56803679011495,1.488084606074198,0.7021734530047554,0.2610016102766472,0.4162119054924075,0.8777167847159125,0.2346600725370864,0.713792907911432,0.8
2760,10.772950191247062,252.66692322607307,1.4994515104648565,0.7181944746430826,0.2447677144767625,0.4201120526723599,0.8977430610441938,0.1984413473694887,0.7362365587212067,0.8
2760,10.82842547303969,249.9196349669447,1.5030773568414533,0.7218928146689441,0.2410202339497562,0.4213561323298123,0.9023659859103996,0.1900805097152562,0.7433956960878499,0.8
2760,11.080504746978123,237.0456380326165,1.5195531762062189,0.7386980446447289,0.2234592617234782,0.4270092211765615,0.923372522625278,0.1509010031704443,0.7759267638191498,0.8
2760,11.123057754665368,234.8724038672173,1.5232855819610804,0.7415349025472955,0.2204948284542726,0.4282898628780281,0.926918594876061,0.1442871875356412,0.7832962998479166,0.8
2760,11.38775307883057,220.95170741146825,1.546502515496317,0.7591811997878912,0.2015060897527737,0.4362559242384993,0.9489764656341744,0.101922254509904,0.8291375184620909,0.8
2760,11.41653184420061,219.4381919825462,1.5499244973032211,0.7610997778721046,0.1994415559062204,0.4374300550515476,0.9513746881532626,0.0973161645787338,0.8358941306506019,0.8
2760,11.69443036541529,204.40993551682104,1.5829684333975844,0.7796262853710266,0.1789420330501702,0.4487679012886348,0.9745328216947468,0.0515805880084171,0.9011385048086066,0.8
2760,11.70885454925019,203.6299013769049,1.5853319239362564,0.7805878944822053,0.1778780155630998,0.4495788486356382,0.9757348330405268,0.0492067057676555,0.9058051541019492,0.8
2760,12.000002156050632,187.46302975035857,1.6330382359124545,0.7999976714652025,0.1558253472994812,0.4659475653702319,0.9999970533974304,5.975339296171198e-06,1.0,0.8
2760,12.000037515398365,187.4610663131802,1.6330382359124545,0.8000000287473429,0.1558226690429978,0.4659475653702319,1.0,0.0,1.0,0.8
3105,2.0758590351553745,627.0599089941682,1.7673788223497435,0.1383902935417736,0.7554641872447124,0.5120417385364225,0.1537670026472862,0.9373189955600544,0.2264981172133025,0.9
3105,2.1380949563029463,626.2808852626163,1.7718745684296298,0.1425393413841408,0.7544015480206098,0.5135842932014957,0.158377056099976,0.9354457650250652,0.2327325481054482,0.9
3105,2.421932070251546,622.636809202787,1.7923781549248774,0.1614617537707073,0.7494307903916044,0.520619366454515,0.1794019600948499,0.9266832661811644,0.2611656915202088,0.9
3105,2.494371193857912,621.7067910227939,1.7974153598085614,0.1662910128860228,0.7481621848829886,0.5223477033654939,0.1847678038990976,0.9244469563201186,0.2681509849907202,0.9
3105,2.768042920403369,618.0481764876918,1.81644569160788,0.1845357349951073,0.7431715958246464,0.5288772818989129,0.2050397186486662,0.9156494984438924,0.2945411071971899,0.9
3105,2.850505791496072,616.9457613328843,1.821908619899904,0.1900332417576619,0.7416678295883986,0.5307516905892798,0.211148059886168,0.9129986450146828,0.302116768344457,0.9
3105,3.1141978920178506,613.26383363085,1.839377463965548,0.2076126576407328,0.7366454398484897,0.5367455003881588,0.2306807454484973,0.904145128594415,0.3263415130603957,0.9
3105,3.2064748904149805,611.9753716860791,1.845202226049021,0.2137644374174298,0.7348878936456936,0.5387440594182163,0.237516056748154,0.9010469094255228,0.3344189435974696,0.9
3105,3.4603927647102,608.250522612946,1.861230177024905,0.2306922403495177,0.7298069563537211,0.5442434782265932,0.25632472787425,0.8920901848234122,0.356645544238664,0.9
3105,3.562238559632721,606.7564953969708,1.8673230000077816,0.2374819378085702,0.7277690057018078,0.5463340127782997,0.2638688366440262,0.8884976660236389,0.3650947055457865,0.9
3105,3.806627740741141,602.9411178373521,1.8819433387321889,0.2537744966054661,0.7225645816446161,0.5513504597269349,0.2819716809081519,0.8793232577768552,0.3853693139817205,0.9
3105,3.917712708340493,601.2068712939198,1.888187288588576,0.2611801368954952,0.7201989561486583,0.5534928480665574,0.2902001706449556,0.8751531106442576,0.3940280489685176,0.9
3105,4.152904223981226,597.303710326099,1.901407115375625,0.2768595199996422,0.7148747897922234,0.5580287593745948,0.3076217085402808,0.8657676195330507,0.4123605114887496,0.9
3105,4.272866185489353,595.3128611047479,1.9076707095625116,0.2848569579483992,0.7121591414926942,0.5601778879644709,0.3165077512732332,0.86098044887194,0.4210464880543073,0.9
3105,4.4992235683156565,591.3205146725579,1.9194895458786685,0.2999474007907642,0.7067133203408789,0.5642330994402234,0.3332749110581082,0.8513805035299221,0.4374361410572473,0.9
3105,4.627660086998914,589.0552336787347,1.925728607757116,0.3085098073704044,0.7036233291889338,0.56637381064483,0.3427886967543662,0.8459334377267959,0.4460880976895453,0.9
3105,4.845579138877561,584.9509158935103,1.9363144634241976,0.3230376966558205,0.6980247718021476,0.5700059688568127,0.3589307969915895,0.836064247496525,0.4607679271145028,0.9
3105,4.982015488449965,582.3812546763124,1.9424422258020664,0.3321334235507688,0.694519586155736,0.5721084916137651,0.3690371608538232,0.8298852728880837,0.4692655402780289,0.9
3105,5.191968654162744,578.1351889898442,1.9518718471163363,0.3461302554950288,0.6887276753784236,0.575343929311921,0.3845891973409557,0.819675237461285,0.4823419732834288,0.9
3105,5.33582772889514,575.2258016565571,1.9577722351468247,0.3557208291158176,0.6847590811325213,0.5773684366840994,0.3952453909336927,0.812679361764447,0.4905242773458186,0.9
3105,5.538391365743289,570.8619745075787,1.966080394089835,0.3692250274133576,0.6788065360329377,0.5802190846317329,0.4102500566672798,0.8021861586259541,0.5020455336291513,0.9
3105,5.689090718628282,567.6154593003798,1.9716642504708364,0.379271618086468,0.6743780773594867,0.5821349854758994,0.4214129359060759,0.7943796295407407,0.5097888905938089,0.9
3105,5.88484473233252,563.1259919526465,1.9789175151836795,0.3923218429922495,0.6682541508270744,0.5846236841526026,0.4359131867277079,0.7835843135818065,0.5198472828586594,0.9
3105,6.0417411366132825,559.5276939118232,1.9841828634579088,0.4027815690741165,0.6633458374043584,0.5864303003180449,0.4475351053388917,0.7749318919788935,0.5271489518932218,0.9
3105,6.231322518771676,554.8648906324929,1.9905450997879863,0.4154202865558127,0.6569854693459679,0.5886132744355483,0.4615781256601085,0.7637197746482842,0.535971719463843,0.9
3105,6.393613659878717,550.8732979120225,1.995445960064924,0.4262396605833756,0.6515406763061402,0.5902948295653817,0.4735996531253715,0.7541216416718598,0.5427679384152037,0.9
3105,6.577821592285222,546.047136660178,2.0010086625788728,0.4385201492530281,0.6449574773093165,0.5922034722157521,0.4872446414077789,0.7425167158428011,0.5504819604663909,0.9
3105,6.744688377310219,541.6753053194388,2.005471743214823,0.4496445652109613,0.6389940139696619,0.5937348189006514,0.4996051043728834,0.7320042659268264,0.5566710928810066,0.9
3105,6.924340178424438,536.6825533699262,2.010276776611052,0.461621312787701,0.6321835743862643,0.5953834944596084,0.5129126025304945,0.719998758229619,0.5633344248643823,0.9
3105,7.094927988028821,531.9417012677873,2.014297978567241,0.4729937962397409,0.6257167426385762,0.5967632262608487,0.5255486960622145,0.7085989656945411,0.5689107864412478,0.9
3105,7.270874619847881,526.7591588000289,2.0184455020139422,0.4847235333378659,0.6186474163988648,0.5981863007689558,0.5385817381149429,0.6961370901363431,0.5746623230811168,0.9
3105,7.444250116546408,521.6523496203406,2.022073458423462,0.4962818619884645,0.6116813953079108,0.5994311044088287,0.5514243263249197,0.6838573218772968,0.5796933553309276,0.9
3105,7.617420746066906,516.2116136141451,2.025697127899674,0.5078265328718556,0.6042598762270306,0.6006744371406799,0.5642517392370298,0.6707745974276615,0.5847184427188685,0.9
3105,7.79243009543221,510.7131080583866,2.0289500254117683,0.5194937846773918,0.5967595557093801,0.6017905527181888,0.5772153531824463,0.6575529610555121,0.5892293657954889,0.9
3105,7.963976074972484,505.02597240525824,2.03213854929395,0.5309301459162761,0.5890019314252422,0.6028845807842225,0.5899224220374164,0.6438777471556189,0.5936510193849465,0.9
3105,8.13954884524679,499.2053395683861,2.0350249601272927,0.5426349589929196,0.5810622082678506,0.6038749495499788,0.602927770731174,0.6298815276293298,0.5976537207268493,0.9
3105,8.310538891338618,493.2346158050488,2.0378360311188946,0.5540342581231014,0.5729177512889027,0.6048394681404186,0.6155936594627329,0.6155244013744111,0.6015519452970636,0.9
3105,8.485540337929121,487.1238197694996,2.0404419030206755,0.565700983078707,0.5645822265868122,0.6057335799935455,0.6285566880193003,0.6008304591191763,0.6051656120826773,0.9
3105,8.657106542464025,480.8146793637821,2.042996622198163,0.5771386926461575,0.5559761472159944,0.6066101406166677,0.6412652550172175,0.5856595805196503,0.6087083433397075,0.9
3105,8.830298112011361,474.4457681185698,2.045414691812508,0.5886847595267729,0.5472885365182962,0.6074398148237516,0.6540942190374537,0.5703449777213497,0.6120615771823571,0.9
3105,9.003676863584737,467.7132699937008,2.047835374828711,0.6002433051683185,0.5381049695819831,0.6082703857263239,0.6669370483484981,0.5541560985467218,0.6154184351338826,0.9
3105,9.173628838330696,461.1138375897207,2.050148891527685,0.6115733997684093,0.5291029129754238,0.6090641863354582,0.6795260431528213,0.5382871875084082,0.6186266812672908,0.9
3105,9.350248146829069,453.9317773479642,2.0525531690901144,0.6233479818318445,0.5193061139644939,0.6098891282926228,0.6926089129479663,0.5210172969978991,0.6219607891199481,0.9
3105,9.51563744944156,447.20637487184734,2.05488376711838,0.6343738992843695,0.5101322259562789,0.6106887897497044,0.7048599331222923,0.5048454799298151,0.625192722615836,0.9
3105,9.696818101421666,439.5048104035996,2.057436890346996,0.6464525699188778,0.4996267892674479,0.611564802779984,0.7182806791291033,0.4863263961781953,0.6287332407067385,0.9
3105,9.856272643681532,432.7267718903916,2.059908899806611,0.6570828379750093,0.4903811022685875,0.6124129845180706,0.7300920888349085,0.4700280111662524,0.6321612750900971,0.9
3105,10.043383865745104,424.4256657585686,2.0628096682913832,0.6695568786555474,0.4790578516128705,0.6134082795990142,0.7439521349209273,0.4500672771725149,0.6361838867614582,0.9
3105,10.19548194641119,417.677902069511,2.065533533174298,0.6796967175424735,0.469853461450476,0.6143428765285355,0.7552186232928043,0.433841690616823,0.6399611791330291,0.9
3105,10.389941576166567,408.63675386866487,2.0690160344281967,0.6926606504671743,0.4575207451030484,0.6155377724278742,0.7696229941293324,0.4121014608969296,0.6447905029011971,0.9
3105,10.53300299465979,401.98529881834105,2.072098048161627,0.7021980471792412,0.4484477262108648,0.6165952553412426,0.7802201022641593,0.3961074568663296,0.6490644546076072,0.9
3105,10.736485010168598,392.1504713734103,2.076481720383736,0.715763470520618,0.4350323795635357,0.6180993558656513,0.7952927958285776,0.3724587561528188,0.6551434681988837,0.9
3105,10.8690221109036,385.7446005030988,2.080159339413496,0.7245992483431115,0.426294353524497,0.6193611994595541,0.8051103273696324,0.3570552807111142,0.6602433695903919,0.9
3105,11.082997741589091,375.0113438938694,2.086096702211912,0.7388642437419857,0.4116534908480739,0.6213983934024915,0.8209603232698153,0.3312462286810443,0.6684769480422377,0.9
3105,11.20351221969105,368.96620307829255,2.090385262541409,0.7468985160098824,0.4034075241519644,0.6228698596786476,0.8298872930266485,0.3167101601308744,0.6744240661681183,0.9
3105,11.429460497820145,357.222437638394,2.098425730685684,0.761961685294952,0.3873882614650152,0.6256286590914553,0.8466241488570372,0.2884712514471249,0.6855741049148014,0.9
3105,11.536451688716726,351.66152139495625,2.103346940674202,0.7690944080305756,0.379802808695233,0.6273171964978616,0.8545493968473518,0.2750995431309059,0.6923985436250781,0.9
3105,11.775838187887786,338.7670694258516,2.114357858684972,0.7850534557889021,0.3622139344662258,0.6310951996685124,0.8722816732671717,0.2440937082863634,0.7076678240019998,0.9
3105,11.86774174560656,333.8167233750169,2.1198677112653237,0.7911803396017856,0.3554613392968602,0.6329857087521351,0.8790893223830463,0.2321901692725863,0.715308556936583,0.9
3105,12.122069284783755,319.6289522598684,2.135115295611054,0.808135453436698,0.3361082933254449,0.6382173726285341,0.8979283389586636,0.1980744356948831,0.7364529919617097,0.9
3105,12.197319840440782,315.4310676603331,2.1413601489152314,0.8131521407424969,0.3303821046959456,0.6403600709539918,0.9035024363211966,0.1879802558955786,0.7451129797956902,0.9
3105,12.46797059676994,299.864698004609,2.16382077070311,0.831195465495735,0.3091485603209863,0.6480666309562,0.9235505762166404,0.1505495618396457,0.7762600223205418,0.9
3105,12.525328314217209,296.5657918995512,2.170198324701731,0.8350193008215336,0.3046486370428049,0.6502548607844685,0.9277992824056144,0.1426170542692462,0.7851040315147477,0.9
3105,12.813321852929588,279.5137107508585,2.2022200721863774,0.8542188072862488,0.2813884852049594,0.6612419795159349,0.949132068729211,0.1016138372950848,0.8295098694316038,0.9
3105,12.851774698215571,277.2369199549734,2.208014524849262,0.8567823219225693,0.2782827939316478,0.6632301389510659,0.9519804185070836,0.0961390951686314,0.8375452686829516,0.9
3105,13.157647817186303,258.6189939306603,2.254106492700885,0.8771737965067479,0.2528867274659133,0.6790449511687789,0.9746376139369134,0.0513706675657448,0.9014628439080216,0.9
3105,13.17667229053836,257.46100973540973,2.2580550928473384,0.8784420905828709,0.2513071614309828,0.6803997722525742,0.9760468296670748,0.0485861935302017,0.906938525651685,0.9
3105,13.500001078025194,237.25788500759987,2.325163184303923,0.8999972725961094,0.2237487804527282,0.7034255165230618,0.9999970334340168,6.0173307739128894e-06,1.0,0.9
3105,13.500041126794368,237.25538256949312,2.325163184303923,0.8999999425053237,0.2237453669637927,0.7034255165230618,1.0,0.0,1.0,0.9
3450,2.305888918971514,774.1552335308622,2.424331483148036,0.1537255689828535,0.95611181221939,0.7374515756667807,0.1537255689828535,0.9373331251551992,0.2264409118386957,1.0
3450,2.390858853349715,772.973645010826,2.431909616701784,0.1593902127512332,0.9545000483445738,0.7400517414809,0.1593902127512332,0.9350317267578128,0.2341019058109374,1.0
3450,2.6903668458051944,768.6918867305695,2.4586215540929564,0.1793573469553299,0.9486594505393404,0.7492169885619667,0.1793573469553299,0.9266920793449596,0.2611059154248161,1.0
3450,2.789224790249844,767.2786161906926,2.4671093113264018,0.1859478550338777,0.9467316572653792,0.7521292592471452,0.1859478550338777,0.92393943026248,0.2696864790348511,1.0
3450,3.074908611413161,763.0280196751008,2.491637587057594,0.2049933808321753,0.9409335661413722,0.7605452608368766,0.2049933808321753,0.9156604771048968,0.2944829505133997,1.0
3450,3.1873973559384057,761.3543362877278,2.500838225336023,0.2124926059445729,0.9386505527438104,0.7637021311862804,0.2124926059445729,0.9124006178559984,0.303784189913827,1.0
3450,3.4595250871775725,757.1238461085876,2.5230959972689235,0.2306343953698301,0.9328798879752548,0.7713390905071897,0.2306343953698301,0.9041608261236508,0.3262853315741168,1.0
3450,3.5853393431358085,755.1679411671711,2.5329014206705707,0.2390219850061237,0.9302119059547008,0.7747034712667924,0.2390219850061237,0.900351279550299,0.3361979689065828,1.0
3450,3.8442090295969935,750.9365623388679,2.55307661355528,0.2562799076697778,0.924440029010676,0.7816258679836118,0.2562799076697778,0.8921097569821107,0.3565937602953642,1.0
3450,3.982992731086364,748.6680602820088,2.5633274907340518,0.2655321241807996,0.9213456441184804,0.7851430902938196,0.2655321241807996,0.8876913601294036,0.3669567220615787,1.0
3450,4.22896084037675,744.3773637194147,2.581495249996644,0.2819299445122858,0.915492853912652,0.7913767078750746,0.2819299445122858,0.8793343034845728,0.3853231302559848,1.0
3450,4.380226694843946,741.7386644031793,2.591993846111313,0.2920143018340452,0.9118934957923818,0.7949789260888338,0.2920143018340452,0.8741948676534071,0.3959365195531029,1.0
3450,4.613782800099903,737.416719848977,2.608203791361907,0.3075846579357277,0.9059980812861468,0.8005407897311673,0.3075846579357277,0.865776948807743,0.4123237067113111,1.0
3450,4.77703070349945,734.3958252065123,2.6187275328032995,0.3184678159075495,0.901877383791387,0.804151635665521,0.3184678159075495,0.8598931051760974,0.4229625162778252,1.0
3450,4.998677413206483,730.0355585875609,2.6330159408974803,0.3332442149022263,0.8959296954871898,0.8090541924760034,0.3332442149022263,0.8514005458469633,0.437407155911856,1.0
3450,5.173335138985185,726.5996661600963,2.6434910589517595,0.3448880252119765,0.8912429139228495,0.8126483550320501,0.3448880252119765,0.844708404554057,0.4479968104360446,1.0
3450,5.3836333561762855,722.1614528434699,2.6561037197536783,0.3589078605129032,0.8851889012347036,0.8169759390221755,0.3589078605129032,0.8360640272256205,0.4607473799123029,1.0
3450,5.568987009400654,718.2496790632946,2.6663819500468726,0.3712647303206454,0.8798529864399776,0.8205025465764578,0.3712647303206454,0.8284450043966268,0.4711379938758862,1.0
3450,5.768646765281398,713.7424099080483,2.677453482307103,0.3845753371867396,0.8737047770800246,0.8243013473614788,0.3845753371867396,0.8196661259337978,0.4823305838860153,1.0
3450,5.963924999645613,709.3340525074389,2.6873419739630573,0.3975938435735732,0.8676914898103046,0.8276942300250866,0.3975938435735732,0.8110798994388441,0.4923271977532069,1.0
3450,6.153716405850299,704.7696697001019,2.6969526238275296,0.4102465626125702,0.8614653737005507,0.8309917812033331,0.4102465626125702,0.8021897798246653,0.5020429318662106,1.0
3450,6.358103238168016,699.8542746243579,2.70630200365868,0.4238723068772903,0.8547604539427902,0.8341996869030353,0.4238723068772903,0.7926159881382919,0.5114945391812087,1.0
3450,6.538837991453425,695.2163129665797,2.714569453366632,0.4359212510293584,0.8484339714778452,0.8370363669309211,0.4359212510293584,0.7835825578490215,0.5198523863911074,1.0
3450,6.75140215234696,689.7615544869797,2.72337591016844,0.4500921487498034,0.8409933248278614,0.8400579879880288,0.4500921487498034,0.7729582396450029,0.528755134277108,1.0
3450,6.924000943804206,685.0078025469901,2.730526616075885,0.4615986972203055,0.8345088968592502,0.842511497274384,0.4615986972203055,0.7636992828163361,0.5359840270467684,1.0
3450,7.143610984408735,678.9592569705655,2.738713250448447,0.4762393187188106,0.8262582858470834,0.8453204484069095,0.4762393187188106,0.7519184362186779,0.5442601752746026,1.0
3450,7.309199965103789,674.1144160478965,2.7448860849752474,0.4872785479999765,0.819649606559856,0.8474384360616484,0.4872785479999765,0.7424820639571398,0.5505005044751976,1.0
3450,7.534765359576971,667.5147712569536,2.752332005062156,0.5023161917914541,0.8106472602436149,0.8499932375477041,0.5023161917914541,0.7296278328202899,0.5580278393392536,1.0
3450,7.694432086821124,662.5595688125212,2.7576026082695977,0.5129606054669483,0.8038880406363591,0.8518016567557556,0.5129606054669483,0.7199765077007877,0.5633560720915409,1.0
3450,7.92477290320804,655.411020106643,2.76430466348934,0.5283166096782965,0.7941369535479827,0.8541012275858441,0.5283166096782965,0.7060531678439983,0.5701314085613874,1.0
3450,8.079691031254956,650.2896983775443,2.768812200907135,0.5386444511091727,0.7871511363922611,0.8556478280272968,0.5386444511091727,0.6960782896017099,0.5746882320512957,1.0
3450,8.31340412708149,642.563553147666,2.774848047391752,0.5542252732146696,0.7766121699399468,0.8577188131290059,0.5542252732146696,0.6810299559826004,0.5807900753624572,1.0
3450,8.464969782460791,637.246225556693,2.778762363895816,0.5643296171985459,0.7693589879934678,0.8590618710056351,0.5643296171985459,0.6706733140647632,0.5847471915745687,1.0
3450,8.70058718158691,628.98013853222,2.784167425019364,0.5800373924422092,0.7580835056862053,0.8609164246443376,0.5800373924422092,0.654573327387342,0.5902113524254446,1.0
3450,8.850264116247713,623.440104607265,2.787601012622094,0.5900158221232613,0.7505265377620204,0.8620945375716276,0.5900158221232613,0.6437829168678103,0.5936824833762402,1.0
3450,9.086325025956336,614.7027166382687,2.7923888701792148,0.6057531646424059,0.7386081702001467,0.8637373198549698,0.6057531646424059,0.6267649699867988,0.5985226920667973,1.0
3450,9.235571163844376,608.8852555127229,2.7954159247222155,0.6157028746325212,0.7306727734640519,0.8647759454854579,0.6157028746325212,0.6154342101798422,0.601582844866045,1.0
3450,9.47053193788422,599.7267259296636,2.799734140386385,0.6313668750135774,0.7181799412486897,0.8662575869303247,0.6313668750135774,0.5975959992058388,0.6059482765306377,1.0
3450,9.62088636033753,593.5283758982895,2.802497422150621,0.6413904703997705,0.7097249871808146,0.8672057083545759,0.6413904703997705,0.585523376133802,0.6087417724210532,1.0
3450,9.852914960901902,583.9630138682203,2.80649584597117,0.6568589931883444,0.6966772089499192,0.8685776246522784,0.6568589931883444,0.5668927712547489,0.6127839155913255,1.0
3450,10.006206077786295,577.321202443214,2.8091374291714235,0.6670783675630751,0.6876173445921997,0.8694839895617558,0.6670783675630751,0.5539564115067868,0.6154543822478953,1.0
3450,10.23352182972343,567.4720449121968,2.812957832901757,0.6822327014705705,0.674182450771988,0.8707948246249402,0.6822327014705705,0.5347730537023352,0.619316558830299,1.0
3450,10.39152740635758,560.3044816753084,2.8156133686015155,0.6927663721341965,0.6644054266220552,0.8717059768361954,0.6927663721341965,0.5208126789468038,0.6220011305450402,1.0
3450,10.61235179556324,550.2872860319951,2.819457228961948,0.7074879499413814,0.6507413178472307,0.8730248602040533,0.7074879499413814,0.5013020306890513,0.6258870202357607,1.0
3450,10.77684644793828,542.4888222547096,2.822320565190532,0.7184542242397772,0.6401037041753355,0.8740073117434844,0.7184542242397772,0.4861128411067347,0.6287816646006432,1.0
3450,10.989341323923693,532.4147343174747,2.826390516209478,0.7326205029814518,0.6263619905977024,0.8754037700441393,0.7326205029814518,0.4664913828403922,0.6328961170581405,1.0
3450,11.162158368346688,523.8373440856417,2.8297005108753672,0.7441416016020912,0.6146618703938889,0.8765394764702826,0.7441416016020912,0.4497850660485777,0.6362423036888828,1.0
3450,11.364269152887225,513.8060241145461,2.8341738256808666,0.7576156098445125,0.6009784951139404,0.8780743346448657,0.7576156098445125,0.4302469076172145,0.6407645303714571,1.0
3450,11.547456587216136,504.3135289463744,2.838228310274689,0.7698280655314613,0.5880301120393845,0.8794654861942492,0.7698280655314613,0.411758226662057,0.6448633472916812,1.0
3450,11.73711292537658,494.4858249873315,2.84327905330267,0.7824717800636205,0.5746244822918238,0.8811984682358184,0.7824717800636205,0.3926166543144906,0.6499693158812117,1.0
3450,11.932730538276932,483.9512284113927,2.848488551198126,0.7955129116122117,0.5602546048692332,0.8829859213389364,0.7955129116122117,0.372098256187,0.6552357751871121,1.0
3450,12.107968274740449,474.5141494533531,2.854511198442788,0.8071953891745068,0.5473818131228388,0.8850523775929734,0.8071953891745068,0.3537175102490033,0.6613242749359018,1.0
3450,12.317951829563436,462.7813681402443,2.861728005184309,0.8211942470528225,0.5313775335018689,0.8875285670192112,0.8211942470528225,0.3308653890130559,0.6686199912958073,1.0
3450,12.47680628688932,453.90541302086206,2.86872083100148,0.8317845095775075,0.5192701513012768,0.8899279053925637,0.8317845095775075,0.3135775527311057,0.6756892776912399,1.0
3450,12.70308844093959,440.8083928941776,2.8786818463575776,0.846869937184537,0.5014049608817864,0.8933456719731006,0.846869937184537,0.2880682822710623,0.6857592082432991,1.0
3450,12.843606077653824,432.67535065792765,2.88667765221045,0.8562377489992173,0.4903109603507552,0.8960891471160913,0.8562377489992173,0.272227429003627,0.6938424414045532,1.0
3450,13.088080446996756,417.99039454295934,2.900588856803542,0.8725359869931762,0.4702797215836064,0.9008622800200752,0.8725359869931762,0.2436253108418505,0.7079057531393521,1.0
3450,13.208137356718122,410.7788800791101,2.909514833727832,0.8805397548021171,0.4604427450909856,0.9039249101375764,0.8805397548021171,0.2295793315957748,0.7169293279983,1.0
3450,13.472820025664516,394.3500745171301,2.92919342949344,0.8981852083642178,0.4380327818405238,0.910676917292993,0.8981852083642178,0.1975806906559059,0.7368230924025901,1.0
3450,13.570556407282302,388.2835949235785,2.9392337481810444,0.9047009458321428,0.4297577076582725,0.9141218939787707,0.9047009458321428,0.1857649136932559,0.7469731934003588,1.0
3450,13.857001341081084,369.95817949903073,2.968659826517324,0.9237972123068816,0.4047606447455585,0.9242184015674698,0.9237972123068816,0.1500722161303195,0.7767210207726348,1.0
3450,13.930936500016962,365.2281516922492,2.978831697805066,0.9287262067846944,0.3983085780433422,0.9277085158285108,0.9287262067846944,0.1408594671660815,0.7870041127858746,1.0
3450,14.24025179268577,344.8619864925303,3.021386760777016,0.9493471588650156,0.370527799218206,0.9423097654861698,0.9493471588650156,0.1011919694232136,0.830024479028329,1.0
3450,14.289294013536304,341.6329124852761,3.030527275729068,0.9526166295638154,0.366123131480032,0.9454460066639224,0.9526166295638154,0.0949026515944415,0.8392649377051516,1.0
3450,14.62177470966979,319.1347634823612,3.092495202987881,0.974781936825042,0.3354341875725375,0.9667080872128336,0.974781936825042,0.051082655731688,0.9019104313263722,1.0
3450,14.64565347943118,317.5189460037958,3.0986209473154247,0.9763738496035476,0.333230107052046,0.968809917547908,0.9763738496035476,0.0479355028162848,0.9081031554365976,1.0
3450,15.00000215605063,292.9109121562461,3.1895238463116646,0.9999970174632712,0.2996631424842795,1.0,0.9999970174632712,6.051320056760612e-06,1.0,1.0
3450,15.000046894247856,292.907805275526,3.1895238463116646,1.0,0.2996589044961617,1.0,1.0,0.0,1.0,1.0
